date,DIS,FB,SBUX,WMT,WST
2014-01-29,66.4485,53.53,32.9004,64.7388,45.6945
2014-01-30,68.2092,61.08,33.0613,65.3067,46.4172
2014-01-31,67.6409,62.57,32.6981,65.2455,45.7234
2014-02-03,65.2002,61.48,31.7096,63.4807,44.6345
2014-02-04,66.1877,62.75,32.605,63.5419,44.2394
2014-02-05,66.8491,62.19,32.5311,63.6642,44.172
2014-02-06,70.3891,62.16,33.3941,63.6205,44.567
2014-02-07,70.4915,64.32,34.1671,64.433,45.3379
2014-02-10,71.7864,63.548,34.5202,64.4418,45.7619
2014-02-11,72.4664,64.851,34.3817,65.3504,46.1088
2014-02-12,72.5782,64.45,34.1094,65.4902,45.8775
2014-02-13,72.5689,67.33,34.4694,65.8396,46.7255
2014-02-14,73.8079,67.09,34.6263,66.2153,46.3593
2014-02-18,74.1339,67.3,34.1371,65.8134,46.9182
2014-02-19,73.4725,68.06,33.8372,65.3941,46.0028
2014-02-20,73.7706,69.63,33.9433,64.2321,46.6581
2014-02-21,74.6463,68.59,33.4864,63.8826,46.369
2014-02-24,75.2052,70.78,33.4864,64.0836,45.6174
2014-02-25,74.7208,69.85,32.5588,64.0836,44.7308
2014-02-26,74.5997,69.26,33.1264,65.3329,44.5189
2014-02-27,74.9724,68.94,33.3157,65.1407,44.1334
2014-02-28,75.2798,68.46,32.748,65.263,43.9214
2014-03-03,74.0222,67.41,32.5219,64.7563,43.4589
2014-03-04,76.1182,68.8,33.0711,65.6387,44.9236
2014-03-05,77.0218,71.57,32.9049,65.3504,44.9236
2014-03-06,77.6366,70.84,33.5464,65.4203,45.1067
2014-03-07,76.584,69.8,33.7218,65.5785,44.8272
2014-03-10,76.3604,72.03,33.9479,65.4466,44.6152
2014-03-11,75.5033,70.1,34.6263,65.8775,43.8925
2014-03-12,75.8108,70.8799,34.9032,66.4139,44.2394
2014-03-13,74.46,68.83,34.3494,65.8863,43.8347
2014-03-14,74.5904,67.72,34.2756,65.3147,43.1216
2014-03-17,75.8201,68.7399,34.234,65.6665,43.5552
2014-03-18,76.379,69.19,34.4279,65.7456,43.8636
2014-03-19,75.0096,68.24,35.0324,65.4027,43.5745
2014-03-20,75.2798,66.97,35.5147,66.282,43.4781
2014-03-21,74.8513,67.24,35.4016,66.9151,42.8518
2014-03-24,74.0501,64.1,34.9678,67.4954,41.9075
2014-03-25,74.106,64.89,34.4325,67.5921,42.1965
2014-03-26,73.2396,60.385,33.9387,67.0294,41.3004
2014-03-27,73.1092,60.97,33.8741,66.9502,40.9342
2014-03-28,73.5843,60.01,34.0125,66.8359,40.1633
2014-03-31,74.5904,60.24,33.8648,67.2052,42.4471
2014-04-01,75.9878,62.62,34.1556,67.5042,43.1987
2014-04-02,76.0809,62.72,33.9987,67.8647,43.5745
2014-04-03,76.0995,59.49,33.731,68.1109,43.3721
2014-04-04,74.9258,56.749,33.0203,67.979,42.8807
2014-04-07,73.7147,56.95,32.5034,67.979,42.3122
2014-04-08,74.1246,58.1901,32.988,68.744,42.5724
2014-04-09,74.963,62.41,33.4495,68.5594,43.8058
2014-04-10,72.2056,59.16,32.4065,67.6097,42.3122
2014-04-11,71.7398,58.53,31.7189,67.2668,41.2618
2014-04-14,72.3081,58.89,31.9865,68.0406,41.4835
2014-04-15,72.3453,59.09,31.7927,67.6009,41.4642
2014-04-16,73.5471,59.72,32.6696,67.8999,41.4642
2014-04-17,74.5159,58.94,32.3742,68.2868,42.1676
2014-04-21,73.6961,61.24,32.5265,68.234,42.0228
2014-04-22,74.0128,63.0301,32.8352,68.1989,42.071
2014-04-23,74.0781,61.36,32.485,68.6209,41.337
2014-04-24,74.1433,60.87,32.808,68.8583,41.0859
2014-04-25,72.8763,57.71,32.9742,69.1309,40.6127
2014-04-28,72.4571,56.14,32.7342,70.1333,41.4433
2014-04-29,73.2583,58.15,32.6003,70.0542,41.4626
2014-04-30,73.9104,59.78,32.5911,70.0894,41.8972
2014-05-01,74.1153,61.15,32.8219,70.0806,41.3177
2014-05-02,74.814,60.46,32.5819,69.5706,42.0904
2014-05-05,75.6617,61.22,32.7296,69.1309,42.0131
2014-05-06,75.4847,58.53,32.2293,68.5945,41.6268
2014-05-07,74.7954,57.39,32.3034,68.975,41.704
2014-05-08,76.0157,56.76,32.2293,69.6209,40.999
2014-05-09,76.3418,57.24,32.5582,70.0721,41.5688
2014-05-12,76.7796,59.83,32.9565,70.0278,42.5636
2014-05-13,76.4629,59.83,32.9612,70.019,41.4819
2014-05-14,75.3822,59.23,32.5026,69.6651,40.5644
2014-05-15,74.6649,57.919,32.3544,67.9752,40.4968
2014-05-16,75.8403,58.0199,32.8593,68.1345,40.661
2014-05-19,75.5033,59.21,32.8963,67.7806,41.395
2014-05-20,75.5406,58.56,32.5304,66.9666,40.2746
2014-05-21,76.5653,60.49,32.6091,66.9401,40.8155
2014-05-22,76.7144,60.52,33.0723,66.7012,40.7672
2014-05-23,77.618,61.351,33.341,66.8958,41.4046
2014-05-27,78.0093,63.48,34.1191,66.8781,42.2835
2014-05-28,77.8788,63.51,33.9385,66.825,41.5205
2014-05-29,78.2794,63.83,33.8644,67.2232,41.1245
2014-05-30,78.2608,63.3,33.9246,67.9221,40.6513
2014-06-02,78.503,63.08,34.2072,67.9133,40.7479
2014-06-03,78.1397,62.87,34.36,67.8691,40.3133
2014-06-04,78.475,63.34,34.587,68.2406,40.5161
2014-06-05,78.9781,63.186,34.6101,68.4087,41.3081
2014-06-06,78.8197,62.5,34.8927,68.3114,41.2211
2014-06-09,79.6302,62.88,34.8232,68.1345,41.4433
2014-06-10,78.9501,65.77,34.5546,67.7894,41.2598
2014-06-11,78.5403,65.781,34.6472,67.3824,41.0183
2014-06-12,77.1336,64.2901,34.2581,67.002,40.2553
2014-06-13,77.1336,64.5,34.5962,66.6039,39.869
2014-06-16,77.5994,64.19,34.7815,66.6569,40.0332
2014-06-17,77.469,64.4,34.8834,66.3473,40.0235
2014-06-18,77.8602,65.6,34.9992,66.9755,40.4002
2014-06-19,78.0372,64.3415,35.7728,67.1259,40.7382
2014-06-20,77.1522,64.5,35.4809,66.9578,41.1342
2014-06-23,77.0963,65.37,35.5412,67.0551,40.8251
2014-06-24,77.0218,65.72,35.8654,67.2143,40.1298
2014-06-25,78.1583,67.44,36.185,66.9047,40.3519
2014-06-26,78.6707,67.13,36.1572,66.2765,40.3712
2014-06-27,79.4625,67.6,36.1016,66.6569,40.7092
2014-06-30,79.8724,67.29,35.8422,66.4181,40.7382
2014-07-01,80.5524,68.06,36.1665,66.6039,42.0131
2014-07-02,80.5245,66.45,36.2174,66.9047,41.4046
2014-07-03,80.8971,66.29,36.6204,67.0197,41.9358
2014-07-07,80.6642,65.29,36.449,67.3028,41.337
2014-07-08,79.9842,62.76,36.3888,67.816,40.8831
2014-07-09,81.2511,64.97,36.8011,68.3114,40.8058
2014-07-10,80.9157,64.8725,36.5231,68.1787,40.6899
2014-07-11,80.9437,66.34,36.4073,67.9664,40.97
2014-07-14,80.8226,67.9,36.3888,67.7275,40.603
2014-07-15,80.2543,67.165,36.5417,67.9841,39.8497
2014-07-16,79.5091,67.66,36.4676,68.0018,38.9708
2014-07-17,79.211,66.4099,35.7774,67.7806,38.9515
2014-07-18,79.9376,68.4199,36.1016,68.2053,38.9515
2014-07-21,79.8724,69.4,35.9488,67.9221,38.7675
2014-07-22,80.3102,69.27,36.4722,67.8071,39.3097
2014-07-23,80.1519,71.29,36.6575,68.1168,39.4646
2014-07-24,80.8598,74.98,37.2643,67.5505,39.1645
2014-07-25,80.3289,75.19,36.4722,67.2143,39.058
2014-07-28,81.1859,74.92,36.2962,66.9843,38.9999
2014-07-29,80.3009,73.71,36.4305,66.7454,38.8256
2014-07-30,81.2418,74.677,36.5463,66.1615,38.9999
2014-07-31,80.0028,72.65,35.9812,65.0998,39.4549
2014-08-01,79.537,72.36,35.657,65.0644,38.9612
2014-08-04,81.2697,73.51,35.9117,65.0644,39.2032
2014-08-05,80.8133,72.69,35.6887,64.8874,39.3872
2014-08-06,80.6642,72.47,35.8467,66.0808,39.6195
2014-08-07,79.6581,73.17,35.6515,65.8582,38.9031
2014-08-08,80.9064,73.06,36.0744,66.4994,38.8547
2014-08-11,81.5119,73.44,36.1906,66.2233,38.6707
2014-08-12,81.2418,72.83,36.1674,66.0986,38.0123
2014-08-13,81.6051,73.77,35.8978,65.9294,39.2129
2014-08-14,82.546,74.296,35.6096,66.25,40.1811
2014-08-15,83.1701,73.63,35.7444,65.8137,40.6846
2014-08-18,83.8129,74.59,36.0605,66.3391,41.3817
2014-08-19,83.9247,75.29,36.3068,66.6864,42.0691
2014-08-20,83.6918,74.81,36.265,66.7577,42.5436
2014-08-21,84.1949,74.57,36.0047,67.2831,42.6501
2014-08-22,84.2973,74.57,35.9164,67.4434,42.2821
2014-08-25,84.1949,75.02,36.2371,67.4078,42.7566
2014-08-26,83.8595,75.9601,36.1534,67.2564,43.26
2014-08-27,84.1855,74.63,36.2138,67.5503,42.4467
2014-08-28,84.7165,73.855,36.1627,67.5948,42.0691
2014-08-29,83.7291,74.82,36.1627,67.2386,42.0498
2014-09-02,84.5861,76.68,36.0093,67.4612,42.5726
2014-09-03,84.7165,75.83,35.6887,67.6928,42.7082
2014-09-04,83.9713,75.95,35.8606,68.1826,42.4564
2014-09-05,84.7165,77.26,36.2278,69.0286,42.5823
2014-09-08,84.3625,77.89,36.0976,68.1559,42.7566
2014-09-09,83.4682,76.67,35.842,68.3429,42.1756
2014-09-10,83.3937,77.43,35.8839,68.1381,42.2918
2014-09-11,83.8129,77.92,35.3773,67.7729,42.5048
2014-09-12,83.5334,77.48,35.0752,67.479,42.2337
2014-09-15,83.9154,74.58,34.8196,67.5147,41.9917
2014-09-16,84.0924,76.08,34.8986,67.9689,42.195
2014-09-17,84.1483,76.43,35.0148,67.8976,42.6113
2014-09-18,84.1576,77.0,35.196,67.8798,43.4634
2014-09-19,84.2973,77.91,35.354,68.432,43.3666
2014-09-22,83.1794,76.8,34.6708,67.96,43.0858
2014-09-23,82.2665,78.29,34.3711,67.3276,42.9115
2014-09-24,83.3285,78.535,35.0055,68.6457,42.9793
2014-09-25,82.0429,77.22,34.4478,67.7907,42.7663
2014-09-26,82.6671,78.79,34.9357,68.1203,43.0858
2014-09-29,82.7509,79.0,34.9822,67.7551,43.5215
2014-09-30,82.9372,79.04,35.0705,68.1024,43.3375
2014-10-01,81.5026,76.55,34.6755,67.7907,42.6501
2014-10-02,80.8505,77.08,34.6011,67.8887,42.9889
2014-10-03,82.3969,77.44,35.2704,68.8594,43.4731
2014-10-06,82.4994,77.555,34.9241,68.8861,43.3278
2014-10-07,81.1486,76.29,34.4152,68.8416,42.379
2014-10-08,82.0802,77.52,34.9776,69.6788,43.3472
2014-10-09,79.8444,75.91,34.6151,69.3403,43.1923
2014-10-10,80.3661,72.91,34.6058,69.7233,42.8824
2014-10-13,78.1676,72.99,33.5508,69.0732,43.1439
2014-10-14,78.3819,73.59,33.8064,69.4472,43.9281
2014-10-15,76.4629,73.21,33.6391,66.9714,43.3278
2014-10-16,76.1461,72.63,33.7599,65.7424,42.8722
2014-10-17,78.0931,75.95,34.1782,65.9918,43.018
2014-10-20,79.6674,76.95,34.7173,66.918,43.6484
2014-10-21,81.5492,78.69,34.5593,67.7017,43.8231
2014-10-22,81.1393,78.37,34.6708,67.7106,43.4154
2014-10-23,81.9684,80.04,34.7824,67.9065,43.7746
2014-10-24,82.546,80.67,35.2332,68.0223,44.1434
2014-10-27,82.3969,80.28,35.3076,68.2093,44.5316
2014-10-28,83.7756,80.77,35.8095,67.9956,46.269
2014-10-29,83.403,75.86,35.5725,68.0312,45.9196
2014-10-30,84.0458,74.11,35.935,68.0846,50.6077
2014-10-31,85.1264,74.99,35.117,67.9243,49.7438
2014-11-03,85.4338,73.88,35.368,67.9332,49.0159
2014-11-04,84.1669,75.76,35.6515,68.806,49.2779
2014-11-05,84.7724,74.83,35.6282,69.1979,49.307
2014-11-06,85.704,75.26,35.9954,69.2958,49.3556
2014-11-07,83.8409,75.6,36.1534,70.1508,48.5209
2014-11-10,83.6359,75.0,36.2374,70.7475,48.8606
2014-11-11,83.8222,74.61,36.2748,70.3645,49.9477
2014-11-12,83.7477,74.72,36.3308,70.5337,50.9183
2014-11-13,84.2973,74.25,36.3494,73.8645,50.6077
2014-11-14,84.5861,74.88,36.4568,73.8823,49.8409
2014-11-17,84.2228,74.24,36.3214,74.4255,50.1709
2014-11-18,84.1017,74.34,36.2001,74.6215,50.2291
2014-11-19,83.6732,73.33,36.3168,75.6902,49.21
2014-11-20,82.8161,73.6,36.4941,75.325,49.4818
2014-11-21,82.872,73.75,37.2221,75.3874,49.3944
2014-11-24,84.3812,74.01,37.5768,76.0553,50.7241
2014-11-25,85.3779,75.63,37.4321,75.6545,50.4135
2014-11-26,85.6295,77.62,37.1941,75.6813,50.5785
2014-11-28,86.1791,77.7,37.8988,77.9611,50.4815
2014-12-01,86.3561,75.1,37.7308,76.7856,50.2388
2014-12-02,87.0734,75.46,37.5068,76.9459,51.4715
2014-12-03,86.738,74.88,37.5535,76.0683,52.083
2014-12-04,86.8498,75.24,37.9455,75.9071,51.8015
2014-12-05,87.3435,76.36,39.0002,75.3339,52.3548
2014-12-08,87.3808,76.52,39.1075,75.4324,52.0053
2014-12-09,86.5797,76.84,38.7481,74.8324,53.2477
2014-12-10,85.3593,76.18,38.5755,74.313,51.6947
2014-12-11,86.5574,77.73,38.7901,75.0742,52.2771
2014-12-12,86.3121,77.83,38.8508,75.0563,51.7821
2014-12-15,85.7555,76.99,37.7495,75.1727,50.7533
2014-12-16,85.0668,74.69,36.9281,74.2951,50.8115
2014-12-17,86.2083,76.11,37.5371,75.4324,52.5974
2014-12-18,87.3687,78.4,37.3481,76.9638,53.4613
2014-12-19,87.6329,79.88,37.0728,76.2653,53.0633
2014-12-22,88.8687,81.45,37.5861,77.3579,52.9371
2014-12-23,89.331,80.61,38.0015,77.6086,52.0053
2014-12-24,89.0763,80.77,37.9268,77.4026,52.3548
2014-12-26,89.6518,80.775,38.1881,77.8325,52.3159
2014-12-29,90.0952,80.02,38.4448,77.5907,52.1898
2014-12-30,89.3404,79.22,38.1695,77.725,51.8112
2014-12-31,88.8593,78.02,38.2908,76.9101,51.6753
2015-01-02,88.4442,78.45,38.0061,76.928,50.6271
2015-01-05,87.1517,77.19,37.2781,76.7041,49.9282
2015-01-06,86.6895,76.15,36.9748,77.2952,49.0741
2015-01-07,87.5763,76.15,37.8848,79.346,49.87
2015-01-08,88.4819,78.175,38.4961,81.0207,50.8503
2015-01-09,88.9159,77.74,37.2361,80.0177,50.268
2015-01-12,89.114,76.72,37.4415,80.6177,50.3553
2015-01-13,89.8027,76.45,37.7401,79.9818,50.9377
2015-01-14,88.897,76.28,37.5301,77.5638,50.1127
2015-01-15,89.0102,74.05,37.1381,78.2534,49.3362
2015-01-16,89.7933,75.18,37.6188,77.7071,50.4451
2015-01-20,89.3782,76.24,37.9058,77.6355,50.1922
2015-01-21,88.8404,76.74,37.9361,77.5907,49.6085
2015-01-22,89.765,77.65,38.6128,79.0773,49.6085
2015-01-23,89.3593,77.83,41.1702,79.2654,49.3167
2015-01-26,89.5952,77.495,41.1235,79.3729,49.9879
2015-01-27,88.6517,75.78,41.2262,78.3877,49.3751
2015-01-28,87.4253,76.24,40.8645,77.7519,48.451
2015-01-29,87.9442,78.0,41.5575,78.5579,48.8206
2015-01-30,85.8121,75.91,40.8482,76.1041,47.9646
2015-02-02,86.7272,74.99,41.0629,76.7578,47.8479
2015-02-03,88.7744,75.4,41.4469,77.1877,48.5191
2015-02-04,95.548,75.63,41.5453,77.5997,48.7525
2015-02-05,96.8311,75.615,41.9856,78.1639,49.9782
2015-02-06,96.2462,74.47,41.6858,78.2086,49.5793
2015-02-09,95.9726,74.44,41.6015,76.937,48.4704
2015-02-10,96.1518,75.19,42.7069,78.1728,49.2194
2015-02-11,96.1046,76.51,42.5242,77.322,49.6572
2015-02-12,97.7179,76.23,43.009,76.919,49.3945
2015-02-13,98.2745,75.74,42.8942,76.8474,49.949
2015-02-17,98.2273,75.6,43.105,76.9817,50.1241
2015-02-18,97.982,76.71,43.5593,77.2773,50.9314
2015-02-19,98.0103,79.42,43.639,74.7966,52.1862
2015-02-20,98.633,79.895,43.7982,75.4951,52.2835
2015-02-23,99.0481,78.84,43.831,75.7638,52.6628
2015-02-24,98.7462,78.45,43.7701,75.7369,53.2368
2015-02-25,99.5952,79.56,44.1495,74.8414,53.4118
2015-02-26,98.6424,80.41,44.2853,75.0473,53.4508
2015-02-27,98.1896,78.97,43.7865,75.1638,53.227
2015-03-02,99.8971,79.75,44.1331,75.1906,53.8009
2015-03-03,100.3311,79.6,44.0277,74.6622,53.2173
2015-03-04,99.5952,80.895,43.5874,73.9548,53.0325
2015-03-05,99.0858,81.21,43.8544,74.8414,53.2951
2015-03-06,97.9443,80.005,43.1917,73.9637,52.4489
2015-03-09,99.3028,79.44,43.5781,74.2234,52.799
2015-03-10,97.2556,77.55,43.1753,73.498,52.4002
2015-03-11,97.0669,77.57,42.8193,72.6962,52.6823
2015-03-12,101.1047,78.93,43.7373,73.7864,52.8963
2015-03-13,100.416,78.05,43.6952,73.7864,52.7309
2015-03-16,101.2934,78.07,44.0488,75.0387,54.1219
2015-03-17,100.9066,79.365,44.208,74.435,54.3943
2015-03-18,101.8594,80.91,44.8895,74.354,54.7445
2015-03-19,101.2934,82.75,45.7888,73.444,55.2114
2015-03-20,102.2934,83.8,45.6483,74.9936,56.33
2015-03-23,102.0953,84.43,45.6062,75.0567,56.33
2015-03-24,101.0481,85.31,45.8614,74.8224,56.7385
2015-03-25,99.0575,82.92,44.8567,73.2638,56.33
2015-03-26,99.2839,83.01,44.5336,73.7774,56.0868
2015-03-27,99.5103,83.3,44.5289,73.2909,56.7677
2015-03-30,100.1141,83.195,44.9551,74.354,58.0712
2015-03-31,98.9537,82.215,44.3556,74.1017,58.5672
2015-04-01,99.4726,81.665,43.5687,72.7143,55.3378
2015-04-02,100.0009,81.555,44.2104,72.7323,55.1336
2015-04-06,99.6518,82.44,44.2713,72.9665,54.511
2015-04-07,99.4632,82.32,44.0605,72.5251,54.3651
2015-04-08,100.3405,82.275,44.6038,73.0026,54.6958
2015-04-09,100.7273,82.17,44.927,72.8314,54.5207
2015-04-10,100.8971,82.04,45.1237,72.6602,54.8612
2015-04-13,100.482,83.01,45.4329,72.3359,55.0266
2015-04-14,100.6236,83.515,45.2455,72.2097,55.0655
2015-04-15,100.9254,82.705,45.0956,71.8403,55.367
2015-04-16,101.9821,82.31,45.194,71.3899,54.5791
2015-04-17,100.6519,80.775,44.6085,70.1646,54.0636
2015-04-20,102.0953,83.09,44.9364,70.3989,54.9407
2015-04-21,101.5858,83.62,45.3111,70.2998,55.1357
2015-04-22,101.8311,84.63,45.2783,70.6601,54.7068
2015-04-23,102.8311,82.41,46.304,71.3358,55.1649
2015-04-24,103.3311,81.53,48.5616,71.9304,55.9251
2015-04-27,103.9255,81.91,47.653,71.507,54.5119
2015-04-28,103.6991,80.68,47.4094,71.2638,54.5899
2015-04-29,103.5953,80.465,47.4469,70.1646,53.9271
2015-04-30,102.567,78.77,46.4446,70.3178,51.9291
2015-05-01,104.2651,78.99,47.1097,70.8133,52.2507
2015-05-04,104.7462,78.81,47.2549,71.3358,52.5626
2015-05-05,104.5387,77.56,46.4279,70.3898,51.7439
2015-05-06,103.5104,78.1,45.9815,70.3989,52.085
2015-05-07,103.0764,78.425,46.3762,70.7435,52.5918
2015-05-08,103.8783,78.51,46.7803,71.1968,52.6601
2015-05-11,102.4538,78.01,46.5172,70.8069,52.6113
2015-05-12,103.0575,77.46,46.7145,71.5866,52.2702
2015-05-13,103.0104,78.44,46.6017,70.8613,52.5334
2015-05-14,103.7085,81.37,47.5086,71.369,53.0889
2015-05-15,104.0575,80.42,47.7388,71.8405,52.8258
2015-05-18,104.0858,80.88,48.0959,72.457,53.4983
2015-05-19,104.3028,80.63,48.3215,69.2929,53.3423
2015-05-20,103.9632,80.55,47.955,68.8124,53.4105
2015-05-21,104.1425,80.48,48.2369,69.0028,53.2936
2015-05-22,104.0198,80.54,48.3779,68.7761,53.7322
2015-05-26,103.2462,79.335,47.7764,67.9057,52.6308
2015-05-27,104.1236,80.55,48.4812,68.1687,54.083
2015-05-28,104.2745,80.145,48.688,67.8513,53.5665
2015-05-29,104.1236,79.19,48.8289,67.3346,52.7673
2015-06-01,104.6802,80.29,49.0733,67.7516,53.3131
2015-06-02,104.4821,80.445,48.6128,67.5703,53.508
2015-06-03,104.8783,82.44,48.9793,67.8967,54.853
2015-06-04,104.0575,82.05,48.6034,67.2258,53.6347
2015-06-05,104.0575,82.14,49.0451,66.2376,54.0246
2015-06-08,103.1047,80.67,48.4248,65.8296,53.8199
2015-06-09,102.3783,80.67,48.4342,65.7027,53.8394
2015-06-10,103.7745,82.16,49.5149,66.1197,54.5509
2015-06-11,104.3594,81.83,49.327,66.1288,54.6581
2015-06-12,103.7274,81.53,49.4586,65.6664,54.8823
2015-06-15,103.9443,80.71,49.1203,65.2131,54.2682
2015-06-16,104.7745,81.06,49.7734,65.5939,55.467
2015-06-17,105.1802,81.79,50.0318,65.9384,55.4768
2015-06-18,106.8123,82.905,50.8494,66.165,56.851
2015-06-19,106.2462,82.51,50.6802,65.9474,57.0362
2015-06-22,107.1047,84.74,50.652,65.9928,57.7282
2015-06-23,107.9349,87.88,50.8541,65.7933,57.7185
2015-06-24,107.3312,88.86,50.4735,65.6211,56.8608
2015-06-25,107.9727,87.98,50.8118,65.1496,57.3968
2015-06-26,108.4821,88.01,51.3286,65.3853,57.1434
2015-06-29,106.6519,85.8,50.3231,64.7507,56.4222
2015-06-30,107.6802,85.765,50.3842,64.3065,56.6074
2015-07-01,109.2459,86.91,50.6426,65.1678,56.8413
2015-07-02,109.094,87.285,50.9715,65.1496,56.0908
2015-07-06,109.7867,87.55,51.0326,65.7571,56.315
2015-07-07,111.1152,87.22,51.0984,66.8994,59.1122
2015-07-08,109.3028,85.65,50.1728,66.2376,58.7808
2015-07-09,109.6918,85.88,50.793,65.9837,58.2448
2015-07-10,110.4889,87.95,51.2817,66.292,58.4007
2015-07-13,112.0166,90.1,52.3436,66.981,58.8491
2015-07-14,111.8268,89.68,52.3905,66.8994,59.2779
2015-07-15,112.2538,89.76,52.0053,66.7725,59.0537
2015-07-16,112.9845,90.85,52.3812,66.9357,59.658
2015-07-17,112.7852,94.97,52.3342,66.5367,59.4923
2015-07-20,113.4684,97.91,52.8228,66.2738,59.9122
2015-07-21,113.2122,98.39,52.8134,65.9474,59.7559
2015-07-22,113.2312,97.04,53.2739,66.3282,60.0489
2015-07-23,112.7283,95.44,53.1517,65.7389,59.3849
2015-07-24,112.8327,96.95,53.8377,64.8958,58.389
2015-07-27,112.2064,94.17,53.5464,64.7144,58.3206
2015-07-28,112.4057,95.29,53.6968,65.3672,58.3987
2015-07-29,113.7151,96.99,54.0445,65.4851,59.1799
2015-07-30,113.8954,95.21,54.5613,65.4216,58.3695
2015-07-31,113.867,94.01,54.4392,65.2584,58.4573
2015-08-03,114.9297,94.14,54.6835,65.4397,58.428
2015-08-04,115.4706,94.06,55.3149,65.5032,58.8869
2015-08-05,104.881,96.44,55.607,67.1006,59.2677
2015-08-06,103.0021,95.12,53.9297,66.4434,58.3987
2015-08-07,103.7613,94.3,53.9014,65.0377,58.2816
2015-08-10,105.3269,94.15,53.025,65.2476,58.4476
2015-08-11,102.4803,93.62,53.1004,65.6584,58.2328
2015-08-12,101.5219,94.19,53.1287,66.2517,57.9301
2015-08-13,102.0248,93.43,53.5716,65.8227,57.9008
2015-08-14,101.6832,94.42,53.8072,66.0691,57.9887
2015-08-17,103.4766,93.93,54.4103,65.6401,58.6917
2015-08-18,101.4744,95.17,54.4951,63.422,58.7112
2015-08-19,101.0095,95.31,54.2689,62.5913,57.9105
2015-08-20,94.9081,90.56,52.5916,62.4635,55.8113
2015-08-21,93.7884,86.06,49.7928,60.7383,54.7568
2015-08-24,90.4863,82.09,47.437,58.3742,53.341
2015-08-25,90.9892,83.0,48.1438,57.5983,53.9463
2015-08-26,94.1585,87.19,50.8482,59.1774,56.3971
2015-08-27,96.9482,89.73,52.7235,60.3184,55.7429
2015-08-28,97.2424,91.01,52.4219,59.2778,55.5184
2015-08-31,96.673,89.43,51.555,59.0862,54.5322
2015-09-01,94.4242,87.23,50.4148,58.2555,53.3996
2015-09-02,96.6825,89.89,52.0733,58.8214,54.3369
2015-09-03,96.7774,88.15,51.5361,59.2048,54.0342
2015-09-04,95.8096,88.26,51.1498,58.3194,53.7413
2015-09-08,98.6942,89.53,52.0262,60.5923,55.2547
2015-09-09,96.7015,90.44,51.5361,59.4421,54.6005
2015-09-10,97.3562,91.98,52.1769,58.5293,55.4207
2015-09-11,99.1402,92.05,53.27,59.0131,56.1237
2015-09-14,98.5139,92.31,53.0439,58.6754,55.5672
2015-09-15,98.1438,92.9,53.6281,58.7119,55.8894
2015-09-16,98.6467,93.45,53.9579,59.0496,55.616
2015-09-17,98.8745,94.34,53.9768,58.8488,56.1433
2015-09-18,97.584,94.4,53.5622,57.8173,55.5574
2015-09-21,98.1248,95.55,54.2218,58.1642,55.3035
2015-09-22,97.2519,92.96,53.826,58.0455,54.9032
2015-09-23,96.3789,93.97,54.4574,58.1642,55.3133
2015-09-24,95.4774,94.41,55.0039,58.2646,56.5045
2015-09-25,95.1738,92.77,54.6458,58.219,54.3467
2015-09-28,93.4563,89.21,52.5539,58.1094,53.0481
2015-09-29,94.3388,86.67,52.5068,58.219,53.0188
2015-09-30,96.9767,89.9,53.5622,59.1866,52.843
2015-10-01,97.4227,90.95,54.1653,58.6663,52.5598
2015-10-02,97.7358,92.07,54.7307,59.3144,53.1262
2015-10-05,98.5424,94.01,55.6353,60.1268,53.7901
2015-10-06,98.4664,92.8,55.3055,59.9533,52.4329
2015-10-07,98.1059,92.4,55.3903,60.574,53.1457
2015-10-08,99.2635,92.47,56.0311,61.0487,53.2629
2015-10-09,100.165,93.24,56.6059,60.8753,53.5948
2015-10-12,100.9146,94.26,57.0488,61.0943,54.3174
2015-10-13,101.1423,94.12,56.6907,60.9118,53.6925
2015-10-14,100.3263,94.07,55.428,54.7959,53.4972
2015-10-15,102.3759,95.96,56.2478,54.157,54.7665
2015-10-16,102.708,97.54,56.474,53.7553,55.0204
2015-10-19,103.8751,98.47,57.454,53.7188,54.6779
2015-10-20,104.2262,97.0,57.3692,53.6276,54.2278
2015-10-21,104.4634,97.11,57.0394,53.5271,53.9147
2015-10-22,107.4619,99.67,57.944,53.7645,54.3159
2015-10-23,107.3101,102.19,58.9994,53.2168,55.7934
2015-10-26,107.7181,103.77,59.7721,52.9612,55.9206
2015-10-27,107.9554,103.7,59.0937,52.4683,56.3707
2015-10-28,108.4962,104.2,59.8475,52.6143,58.6702
2015-10-29,109.1605,104.88,58.8958,52.9064,58.8169
2015-10-30,107.9269,101.97,58.9617,52.2492,58.7191
2015-11-02,109.1605,103.31,58.6508,52.5869,59.5312
2015-11-03,109.6349,102.58,59.1785,53.0434,59.7954
2015-11-04,107.4619,103.94,58.3869,53.2807,60.6956
2015-11-05,107.2247,108.76,58.6884,53.4998,61.1947
2015-11-06,109.7583,107.095,58.3963,53.6549,62.271
2015-11-09,110.4699,106.49,57.9898,53.3902,61.8894
2015-11-10,111.4188,107.91,58.7839,53.5637,61.7426
2015-11-11,110.5648,109.01,58.4908,52.5596,61.2142
2015-11-12,110.2707,108.02,57.7345,51.9845,60.2162
2015-11-13,108.9707,103.95,56.4772,51.5007,60.6467
2015-11-16,109.9955,104.04,57.3658,52.8243,61.2338
2015-11-17,110.1947,105.13,57.2429,54.6955,61.6937
2015-11-18,112.102,107.77,58.4247,55.6175,61.635
2015-11-19,112.6429,106.26,58.1032,55.4075,60.9598
2015-11-20,113.9334,107.32,58.6043,54.8325,60.9011
2015-11-23,113.3166,106.95,59.2188,55.0059,61.3219
2015-11-24,111.9217,105.74,58.5759,54.6955,62.3199
2015-11-25,112.6049,105.41,58.7934,54.9876,62.2514
2015-11-27,109.2459,105.45,58.7839,54.6682,62.7505
2015-11-30,107.6707,104.24,58.0371,53.7097,61.6937
2015-12-01,109.4926,107.12,58.0182,53.8466,62.5841
2015-12-02,108.1736,106.07,57.8763,53.7085,62.3591
2015-12-03,106.1714,104.38,56.2976,54.3436,60.6467
2015-12-04,108.4013,106.18,58.3774,54.9143,61.4491
2015-12-07,108.0123,105.61,58.5097,55.6875,60.8131
2015-12-08,106.7313,106.49,58.765,54.8683,62.0655
2015-12-09,105.7729,104.6,57.8385,54.4265,61.4784
2015-12-10,105.7729,105.42,58.4908,54.8223,61.6839
2015-12-11,103.1753,102.12,56.5528,54.6382,60.2553
2015-12-14,104.4264,104.66,56.6473,55.5863,60.0988
2015-12-15,107.1098,104.55,56.7041,54.8959,60.5391
2015-12-16,108.6664,106.79,57.0539,55.5034,61.2925
2015-12-17,106.9666,106.22,56.2645,54.2884,60.7152
2015-12-18,102.8697,104.04,55.4183,54.1688,59.316
2015-12-21,101.7906,104.77,56.2881,54.8131,59.4334
2015-12-22,101.9339,105.51,56.7135,55.7243,59.7563
2015-12-23,100.807,104.63,57.0444,56.2306,59.6095
2015-12-24,101.0935,105.02,57.0255,55.9913,60.2945
2015-12-28,102.4209,105.93,56.9026,55.9176,60.7446
2015-12-29,102.2586,107.26,57.7913,56.7092,60.8424
2015-12-30,101.5519,106.22,57.4982,56.7736,60.6467
2015-12-31,100.3486,104.66,56.7513,56.4239,58.9246
2016-01-04,98.3432,102.22,55.078,56.5711,56.3609
2016-01-05,96.3568,102.73,55.4467,57.915,55.6466
2016-01-06,95.8411,102.97,54.9551,58.4949,56.0185
2016-01-07,95.0199,97.92,53.5938,59.8572,54.7856
2016-01-08,94.7811,97.33,53.537,58.4857,54.2474
2016-01-11,95.421,97.51,54.662,59.1116,54.0126
2016-01-12,96.8916,99.37,56.2125,58.5593,54.8541
2016-01-13,94.0458,95.44,54.7093,56.9946,54.5997
2016-01-14,94.6474,98.37,55.7587,58.0439,55.5879
2016-01-15,89.672,94.97,54.8322,57.0038,55.1369
2016-01-19,89.7389,95.26,55.3522,57.5836,55.9213
2016-01-20,88.3732,94.35,53.8112,56.0005,57.0784
2016-01-21,89.7866,94.16,55.806,56.9577,55.6958
2016-01-22,92.5369,97.94,55.9383,57.7033,56.8136
2016-01-25,90.9994,97.01,54.5581,58.4028,56.1272
2016-01-26,91.9353,97.34,55.4089,58.9091,56.1566
2016-01-27,90.0731,94.45,54.4824,58.8631,55.7056
2016-01-28,89.3187,109.11,56.047,59.1116,53.97
2016-01-29,91.5056,112.21,57.4509,61.0814,56.1076
2016-02-01,90.8657,115.09,58.0465,62.1307,55.9801
2016-02-02,88.9271,114.61,57.5675,61.5416,55.7742
2016-02-03,90.8562,112.69,56.4625,60.9985,55.7546
2016-02-04,91.1331,110.49,55.2864,61.1366,54.9506
2016-02-05,89.672,104.07,51.6822,61.6705,53.5974
2016-02-08,87.9722,99.75,51.3503,61.5784,54.7152
2016-02-09,88.1632,99.54,51.6159,60.5751,54.4603
2016-02-10,84.8494,101.0,52.2988,60.5567,54.5779
2016-02-11,86.2437,101.91,52.0901,60.1241,53.5778
2016-02-12,87.0458,102.01,52.9817,60.9157,54.1073
2016-02-16,88.7266,101.61,53.5033,60.658,55.2153
2016-02-17,91.2,105.2,54.6604,60.8513,55.7644
2016-02-18,90.8848,103.47,54.025,59.0196,55.0976
2016-02-19,90.732,104.57,54.6984,59.5166,58.0589
2016-02-22,92.0308,107.16,55.8366,60.4094,58.2943
2016-02-23,91.0854,105.46,55.4477,61.1918,58.4806
2016-02-24,91.1331,106.88,55.1157,61.7809,60.5397
2016-02-25,91.3432,108.07,55.7227,62.6277,61.285
2016-02-26,91.0185,107.92,55.3339,61.2194,61.687
2016-02-29,91.2191,106.92,55.2106,61.063,60.8143
2016-03-01,93.2532,109.82,56.9463,61.1734,62.3636
2016-03-02,92.6324,109.95,56.491,60.9433,62.5793
2016-03-03,94.3705,109.58,55.9978,60.8789,62.9029
2016-03-04,94.0458,108.39,55.6753,61.468,63.2461
2016-03-07,94.9148,105.73,55.0114,62.4897,63.5991
2016-03-08,93.4155,105.93,54.632,62.6277,62.697
2016-03-09,93.2627,107.51,54.1293,62.6185,62.9127
2016-03-10,92.6706,107.32,54.5561,62.5072,62.6479
2016-03-11,93.5301,109.41,54.6225,62.2847,63.854
2016-03-14,94.3609,109.89,55.6279,62.4609,63.5991
2016-03-15,93.8166,110.67,56.0357,63.1378,63.4128
2016-03-16,94.0076,112.18,56.5953,63.045,63.4422
2016-03-17,95.1154,111.02,56.4815,62.5443,63.4912
2016-03-18,94.7334,111.45,56.6238,62.0807,64.207
2016-03-21,94.0267,111.85,56.0547,63.0265,64.1286
2016-03-22,93.1863,112.25,56.3203,62.9338,65.0797
2016-03-23,92.4701,112.54,55.7986,62.5536,64.0992
2016-03-24,92.8425,113.05,55.3528,63.0543,64.0796
2016-03-28,93.6734,113.69,55.9219,63.1656,65.1484
2016-03-29,93.7402,116.14,56.4815,63.0821,67.5311
2016-03-30,94.4564,114.7,56.9178,63.7961,67.1291
2016-03-31,94.8384,114.1,56.6238,63.5087,67.9724
2016-04-01,94.6092,116.06,57.8758,64.0372,69.1981
2016-04-04,94.2368,112.55,57.1454,64.0743,68.6098
2016-04-05,92.6324,112.22,56.9463,63.6478,68.0312
2016-04-06,93.0908,113.71,57.6956,64.0187,68.4627
2016-04-07,91.8303,113.64,58.018,63.2583,67.5507
2016-04-08,92.0785,110.63,57.8947,63.1099,67.9528
2016-04-11,91.9353,108.99,57.762,62.4979,67.335
2016-04-12,92.9667,110.61,56.4341,63.7961,68.747
2016-04-13,95.0008,110.51,57.1075,64.1207,69.6295
2016-04-14,94.189,110.84,57.0316,63.7961,69.757
2016-04-15,94.1508,109.64,57.392,64.0372,69.9139
2016-04-18,96.9107,110.45,57.7525,64.779,70.3166
2016-04-19,98.0185,112.29,57.762,64.6956,70.68
2016-04-20,98.6201,112.42,57.762,64.1763,70.6702
2016-04-21,98.2763,113.44,57.5153,63.4901,70.4934
2016-04-22,99.0976,110.56,54.7079,63.7219,71.0827
2016-04-25,99.8616,110.1,54.7932,64.4174,70.9845
2016-04-26,100.1672,108.76,54.7458,64.2598,70.6702
2016-04-27,100.5396,108.89,53.9681,64.371,70.8175
2016-04-28,99.3459,116.73,53.5128,63.8981,70.9845
2016-04-29,98.6106,117.58,53.3326,62.0065,69.9335
2016-05-02,99.661,118.57,54.4044,62.6741,70.572
2016-05-03,99.1072,117.43,53.5382,62.127,69.4719
2016-05-04,99.0021,118.06,53.6715,62.3032,68.7647
2016-05-05,100.2054,117.81,53.5382,62.3218,69.4326
2016-05-06,100.7879,119.49,53.5954,63.2861,69.1379
2016-05-09,100.5969,119.24,53.9094,63.9352,69.9826
2016-05-10,101.8002,120.5,54.7185,63.7903,70.5523
2016-05-11,97.6842,119.52,53.5192,62.0342,70.9943
2016-05-12,97.1304,120.28,53.5858,62.4452,70.0023
2016-05-13,95.9939,119.81,53.129,60.661,70.3854
2016-05-16,95.8411,118.67,52.853,61.6699,71.9373
2016-05-17,95.4401,117.35,52.2343,60.8105,69.8648
2016-05-18,94.5424,117.65,52.1581,58.989,69.9335
2016-05-19,93.9789,116.81,51.9202,64.6403,69.9925
2016-05-20,95.2873,117.35,51.9868,65.2568,71.4363
2016-05-23,94.7143,115.97,51.9678,64.9206,71.014
2016-05-24,95.0294,117.7,52.7673,65.6118,72.7132
2016-05-25,95.3637,117.89,52.4913,65.836,72.4873
2016-05-26,95.3159,119.47,52.6245,66.1816,72.3891
2016-05-27,95.7743,119.38,52.4913,66.0882,73.2534
2016-05-31,94.7525,118.81,52.2438,66.1162,73.7445
2016-06-01,94.084,118.78,52.1772,65.8547,73.8526
2016-06-02,94.275,118.93,51.9868,66.275,74.383
2016-06-03,94.3036,118.47,51.9773,66.2003,73.9115
2016-06-06,94.3323,118.79,52.9101,66.3684,74.0392
2016-06-07,93.9216,117.76,52.634,66.3497,74.9134
2016-06-08,93.6256,118.39,52.5579,66.5833,75.6991
2016-06-09,93.4346,118.56,52.9005,66.4058,76.0429
2016-06-10,92.9571,116.62,52.22,66.4525,75.267
2016-06-13,93.1768,113.95,52.3866,65.8827,74.4812
2016-06-14,93.9694,114.94,52.891,66.275,74.0392
2016-06-15,93.8452,114.6,52.6816,66.4338,73.5579
2016-06-16,93.9503,114.39,52.853,66.602,73.7052
2016-06-17,94.5424,113.02,52.6436,66.275,72.5757
2016-06-20,95.0867,113.37,52.7102,66.4151,73.5186
2016-06-21,94.3705,114.38,53.1195,66.7514,73.3123
2016-06-22,94.3418,113.91,52.9291,67.0223,73.7936
2016-06-23,94.5615,115.08,53.424,67.3492,74.4124
2016-06-24,91.4101,112.08,52.0439,67.2185,71.5542
2016-06-27,90.1304,108.97,51.1017,66.7888,70.3166
2016-06-28,91.7252,112.7,52.2057,66.7981,72.723
2016-06-29,92.6133,114.16,54.0046,67.6855,72.9588
2016-06-30,93.4155,114.28,54.3663,68.2086,74.5303
2016-07-01,93.6161,114.19,54.2426,68.0125,75.2768
2016-07-05,93.2627,114.0,54.0332,68.3207,74.5401
2016-07-06,94.0172,116.7,54.0141,68.9559,74.6187
2016-07-07,94.6616,115.85,54.1664,68.685,74.9428
2016-07-08,95.8256,117.24,53.7857,68.9746,75.9054
2016-07-11,96.1718,117.87,53.6049,69.1801,76.3474
2016-07-12,96.3835,117.93,54.7089,68.4421,77.1724
2016-07-13,96.0757,116.78,53.7572,68.7691,76.534
2016-07-14,96.1622,117.29,54.8136,68.8438,76.8974
2016-07-15,95.9987,116.86,54.6423,68.8158,76.4063
2016-07-18,96.3354,119.37,54.1759,68.9746,76.1899
2016-07-19,95.6813,120.61,54.0237,68.8064,76.1801
2016-07-20,94.4789,121.92,54.7661,68.9279,77.2032
2016-07-21,94.2769,120.61,54.8232,68.6757,76.1506
2016-07-22,93.9883,121.0,55.1087,68.7037,76.7507
2016-07-25,93.6805,121.63,55.1563,68.8905,76.2391
2016-07-26,93.0072,121.22,55.4989,68.8718,76.79
2016-07-27,92.6609,123.34,55.0611,68.4889,77.154
2016-07-28,92.2569,125.0,55.4038,68.4141,78.6984
2016-07-29,92.2953,123.94,55.2515,68.1619,78.9739
2016-08-01,91.901,124.31,54.8517,68.9185,79.633
2016-08-02,91.3911,123.09,54.1831,68.3114,79.4953
2016-08-03,92.43,122.51,53.4286,68.1339,79.6428
2016-08-04,91.5354,124.36,52.9319,68.4702,80.174
2016-08-05,92.1799,125.15,53.3904,68.8999,80.4003
2016-08-08,92.103,125.26,52.8746,68.5075,79.328
2016-08-09,92.9879,125.06,52.7218,68.6944,80.0068
2016-08-10,94.1326,124.88,53.123,69.5502,80.2724
2016-08-11,94.046,124.9,52.9797,69.4091,80.0658
2016-08-12,93.1514,124.88,52.9797,69.4938,79.6822
2016-08-15,93.4015,123.9,52.7696,68.9577,79.8592
2016-08-16,93.1899,123.3,52.8842,68.5533,78.905
2016-08-17,93.1803,124.37,53.2949,68.5909,78.8165
2016-08-18,92.9687,123.91,53.037,69.8794,79.8101
2016-08-19,92.7186,123.56,52.4735,68.478,80.4298
2016-08-22,92.2184,124.15,53.3426,68.3746,80.2331
2016-08-23,92.3146,124.37,53.8679,67.688,80.0166
2016-08-24,92.1703,123.48,54.527,67.9325,79.7412
2016-08-25,91.9106,123.89,54.718,66.9826,79.7314
2016-08-26,91.5835,124.96,54.718,66.9074,80.2331
2016-08-29,91.2565,126.54,54.25,67.1519,81.266
2016-08-30,91.2469,125.84,53.8679,67.0673,81.1086
2016-08-31,90.8621,126.12,53.7056,67.1895,80.4987
2016-09-01,90.6697,126.17,53.782,68.5063,80.4003
2016-09-02,90.8236,126.51,53.6578,68.1865,82.6629
2016-09-06,90.2272,129.73,53.505,68.6567,82.1415
2016-09-07,90.1407,131.05,53.7915,67.7727,82.0923
2016-09-08,90.5062,130.27,52.8173,67.5563,81.1676
2016-09-09,88.8998,127.1,51.91,66.1174,78.8854
2016-09-12,90.0733,128.69,52.2538,67.6598,81.0004
2016-09-13,89.1691,127.21,51.5566,67.2084,78.846
2016-09-14,88.7459,127.77,51.4802,67.2648,79.4461
2016-09-15,88.9768,128.35,51.6807,68.0924,81.1578
2016-09-16,89.0345,129.07,51.3274,68.5345,80.0658
2016-09-19,89.1018,128.65,50.6301,67.8009,79.997
2016-09-20,89.4096,128.64,50.9071,67.688,79.997
2016-09-21,88.8709,129.94,51.5566,67.8949,73.7503
2016-09-22,89.8521,130.08,51.9482,67.9702,73.406
2016-09-23,89.7174,127.96,51.9864,68.0454,71.3696
2016-09-26,88.4573,127.31,51.6139,67.3588,70.622
2016-09-27,88.2265,128.69,51.7572,68.0266,72.314
2016-09-28,88.6882,129.23,51.5566,67.5187,73.5437
2016-09-29,88.3034,128.09,51.0504,66.5218,72.5403
2016-09-30,89.323,128.27,51.7094,67.8291,73.2879
2016-10-03,88.9671,128.77,51.4229,67.7256,73.2682
2016-10-04,89.0633,128.19,51.1268,67.4811,72.0583
2016-10-05,88.9287,128.47,50.9549,67.4059,72.7665
2016-10-06,89.2942,128.74,50.7543,65.2333,73.6913
2016-10-07,88.9671,128.99,51.0599,64.6126,74.2126
2016-10-10,88.9671,130.24,50.9071,63.9354,74.37
2016-10-11,88.3611,128.88,50.5442,63.3805,72.9633
2016-10-12,87.9283,129.05,50.7734,63.4463,72.7469
2016-10-13,87.6493,127.82,50.5728,64.1705,71.8812
2016-10-14,87.8225,127.88,50.697,64.3774,71.6549
2016-10-17,87.3704,127.54,50.3914,64.1611,71.5564
2016-10-18,87.6974,128.57,50.2481,64.7725,71.9112
2016-10-19,88.4285,130.11,50.7638,64.7913,71.6747
2016-10-20,88.5247,130.0,51.1841,64.6408,71.4381
2016-10-21,89.4866,132.07,51.2223,64.274,70.6399
2016-10-24,89.8136,133.28,51.7476,65.0734,71.1228
2016-10-25,89.2172,132.29,51.2605,65.2333,70.0979
2016-10-26,89.929,131.04,51.2223,65.4496,69.546
2016-10-27,90.4389,129.69,51.1841,65.6753,71.3692
2016-10-28,90.2753,131.29,51.1268,65.8258,72.2364
2016-10-31,89.1595,130.99,50.6874,65.854,74.9268
2016-11-01,88.8709,129.5,50.143,65.1769,73.1825
2016-11-02,88.4092,127.17,50.6015,65.3179,73.35
2016-11-03,89.8136,120.0,49.4458,65.4872,73.5668
2016-11-04,88.9287,120.75,50.3818,65.0452,74.2961
2016-11-07,90.8332,122.15,52.0437,65.6283,76.2867
2016-11-08,90.7851,124.22,52.1678,65.6377,76.4444
2016-11-09,91.0352,123.18,52.1296,66.8698,76.4346
2016-11-10,91.3431,120.8,51.165,67.1425,76.3754
2016-11-11,93.9594,119.02,51.5088,66.992,76.4247
2016-11-14,94.1903,115.08,51.7858,66.2961,76.0995
2016-11-15,93.9787,117.2,52.3807,67.1707,78.1592
2016-11-16,95.3446,116.34,53.1963,67.1425,78.376
2016-11-17,95.5851,117.79,53.5897,65.0734,79.0264
2016-11-18,94.4981,117.02,53.513,64.4621,78.9771
2016-11-21,93.9114,121.77,53.8296,65.2427,79.1447
2016-11-22,93.9883,121.47,54.8083,65.9481,79.3615
2016-11-23,94.5174,120.84,55.2593,66.6158,80.3174
2016-11-25,95.056,120.38,55.1058,66.992,80.8496
2016-11-28,95.2003,120.41,55.2593,66.9544,80.4948
2016-11-29,95.8737,120.87,55.8158,67.1237,81.1452
2016-11-30,95.3446,118.42,55.6239,66.2396,79.9725
2016-12-01,95.1715,115.1,56.1421,66.4654,78.5632
2016-12-02,94.7482,115.4,54.8947,66.6629,79.4009
2016-12-05,96.1526,117.43,55.173,65.7788,80.278
2016-12-06,96.8259,117.31,55.1154,66.1738,82.18
2016-12-07,98.1053,117.95,56.382,66.8747,82.2687
2016-12-08,100.2087,118.91,56.2764,66.6285,83.0078
2016-12-09,101.6433,119.68,56.3724,66.3822,82.9881
2016-12-12,100.8679,117.77,56.3916,67.8883,83.2246
2016-12-13,100.6643,120.31,56.9097,68.0114,83.2542
2016-12-14,100.8582,120.21,56.3724,67.5757,83.4315
2016-12-15,101.1878,120.57,55.3745,67.3294,84.0623
2016-12-16,100.7225,119.87,55.3265,67.2347,83.402
2016-12-19,102.0698,119.24,55.3169,67.803,83.7765
2016-12-20,102.2249,119.09,55.3649,68.0304,83.0275
2016-12-21,102.3219,119.04,55.1154,67.481,83.3921
2016-12-22,102.1862,117.4,54.7987,65.918,82.7023
2016-12-23,101.9244,117.27,54.7028,65.8707,82.8304
2016-12-27,101.9438,118.01,54.5589,66.0222,83.5695
2016-12-28,101.1005,116.92,54.0695,65.6528,83.5202
2016-12-29,101.3525,116.35,54.0407,65.6054,83.9933
2016-12-30,101.023,115.05,53.2731,65.4728,83.5991
2017-01-03,102.8259,116.86,53.11,65.0371,82.8501
2017-01-04,104.1442,118.69,53.7241,65.416,84.0623
2017-01-05,104.086,120.67,54.175,65.5581,83.7962
2017-01-06,105.637,123.41,54.8179,64.6582,85.373
2017-01-09,105.036,124.9,55.8446,65.0845,85.5799
2017-01-10,105.0554,124.35,55.5376,64.6298,86.4274
2017-01-11,106.0828,126.09,55.7487,64.914,84.7225
2017-01-12,104.2314,126.62,55.6815,64.3835,84.762
2017-01-13,104.7452,128.34,55.5088,63.5878,84.7521
2017-01-17,104.6579,127.87,55.6527,64.8098,83.163
2017-01-18,104.8421,127.92,56.0845,64.5161,83.2518
2017-01-19,103.9891,127.55,55.5472,64.052,82.63
2017-01-20,104.3574,127.04,55.3265,63.6352,82.4524
2017-01-23,103.834,128.93,55.4224,63.1332,81.3272
2017-01-24,104.5901,129.37,56.0749,63.8436,83.2025
2017-01-25,104.7258,131.48,56.3244,63.3605,83.4492
2017-01-26,104.7452,132.78,56.0941,63.2089,82.6991
2017-01-27,105.9471,132.18,53.8488,62.1954,82.6103
2017-01-30,107.5368,130.98,53.6377,62.9153,82.3438
2017-01-31,107.2557,130.32,52.9852,63.2184,83.5282
2017-02-01,107.8858,133.23,51.7186,62.7353,83.3999
2017-02-02,107.217,130.84,51.6899,63.1805,83.4394
2017-02-03,106.9165,130.98,52.8317,62.9911,85.3048
2017-02-06,106.2089,132.06,53.4746,62.8964,84.5053
2017-02-07,105.6563,131.84,53.2433,63.3605,84.5448
2017-02-08,105.6563,134.2,53.224,64.232,84.8804
2017-02-09,106.1313,134.14,53.7927,65.4349,84.8804
2017-02-10,105.9084,134.19,54.1878,64.4309,84.7915
2017-02-13,106.2864,134.05,54.0818,64.1941,85.2949
2017-02-14,106.9455,133.85,54.5348,65.0371,85.7983
2017-02-15,106.8001,133.44,54.8047,65.0655,85.8279
2017-02-16,107.3139,133.84,54.6794,65.236,80.9917
2017-02-17,106.6838,133.53,55.277,65.7096,82.0477
2017-02-21,106.6354,133.72,55.4601,67.6799,82.3833
2017-02-22,106.742,136.12,55.489,67.9262,82.1563
2017-02-23,106.3639,135.36,55.5565,67.5473,82.6794
2017-02-24,106.9358,135.44,55.4023,68.5703,83.0347
2017-02-27,106.8486,136.41,54.7276,67.9546,82.6597
2017-02-28,106.7129,135.54,54.8143,67.1873,81.3963
2017-03-01,107.6338,137.42,55.0746,66.7327,83.3407
2017-03-02,107.1976,136.76,55.0553,67.0263,81.8602
2017-03-03,107.8276,137.17,55.036,66.3348,80.6462
2017-03-06,107.2751,137.42,54.6312,66.1927,80.3304
2017-03-07,107.4593,137.3,54.1686,66.1833,80.133
2017-03-08,107.4399,137.72,53.7252,66.6031,79.4421
2017-03-09,107.6241,138.24,53.1951,66.6603,80.2317
2017-03-10,107.5174,138.79,52.5589,66.8893,80.3205
2017-03-13,108.099,139.6,52.6553,66.7462,80.893
2017-03-14,108.8648,139.32,52.3083,67.481,80.6067
2017-03-15,108.4383,139.72,52.5686,67.3474,81.8602
2017-03-16,108.2832,139.99,52.8192,67.2138,81.1496
2017-03-17,108.3317,139.84,53.7637,66.689,81.6332
2017-03-20,109.2525,139.94,53.7927,66.7748,81.574
2017-03-21,108.322,138.51,53.5324,66.6985,79.0868
2017-03-22,108.6419,139.59,53.8698,67.0325,78.7709
2017-03-23,108.7969,139.53,53.8312,66.6603,78.5439
2017-03-24,108.7,140.34,54.7565,66.4218,79.9751
2017-03-27,108.9327,140.32,55.1613,66.4695,80.0442
2017-03-28,109.5821,141.76,55.277,67.0993,80.4192
2017-03-29,109.0781,142.65,55.4601,67.5,80.6265
2017-03-30,109.7081,142.41,56.0577,68.3111,80.8831
2017-03-31,109.9117,142.05,56.2794,68.7787,80.5475
2017-04-03,109.7275,142.28,56.3276,68.5401,80.9226
2017-04-04,109.5724,141.73,56.2119,68.7119,79.7678
2017-04-05,109.5336,141.85,56.1155,68.3684,79.1065
2017-04-06,109.5821,141.17,55.8264,68.1584,79.1263
2017-04-07,109.1265,140.78,55.9228,69.5611,78.5143
2017-04-10,108.9811,141.04,55.8553,69.7138,77.9912
2017-04-11,109.6015,139.92,55.7878,70.0668,78.2873
2017-04-12,109.5724,139.58,55.4987,70.0764,78.1393
2017-04-13,109.7275,139.39,55.4312,69.7997,77.5866
2017-04-17,110.2897,141.42,55.9806,70.1241,78.3775
2017-04-18,110.6871,140.96,56.2409,70.5058,78.941
2017-04-19,110.2412,142.27,56.9059,70.6775,79.6825
2017-04-20,111.2687,143.8,57.9083,71.3741,80.938
2017-04-21,110.9295,143.68,58.4192,71.5077,80.9677
2017-04-24,110.2122,145.47,58.9011,71.355,81.5015
2017-04-25,111.6468,146.49,58.7565,71.6126,81.9266
2017-04-26,112.0345,146.56,59.3348,71.9752,83.0438
2017-04-27,112.2865,147.7,59.0842,71.9848,91.6348
2017-04-28,112.0539,150.25,57.889,71.7367,90.9823
2017-05-01,111.2106,152.46,58.0047,71.7844,92.139
2017-05-02,110.8616,152.78,58.3131,72.0611,93.1968
2017-05-03,108.196,151.8,58.3999,72.2901,93.3056
2017-05-04,107.7598,150.85,58.6312,72.8435,94.7193
2017-05-05,108.5546,150.24,58.7469,72.9962,95.4509
2017-05-08,108.0021,151.06,58.7372,72.6336,95.1444
2017-05-09,108.6322,150.48,59.0179,73.2061,94.4524
2017-05-10,106.2961,150.29,58.7082,73.6769,93.8098
2017-05-11,106.2185,150.04,58.3307,73.1293,93.7999
2017-05-12,106.3252,150.33,58.0017,72.7259,93.3451
2017-05-15,105.7824,150.19,58.5049,73.283,94.4722
2017-05-16,104.6676,149.78,58.0501,72.1495,95.1543
2017-05-17,103.0489,144.85,57.8081,72.1591,94.9368
2017-05-18,103.4075,147.66,57.8952,74.4838,93.9976
2017-05-19,104.2217,148.06,59.3856,75.6653,94.225
2017-05-22,104.3284,148.24,59.2598,75.4539,94.4919
2017-05-23,103.7371,148.07,59.1824,75.3963,94.2151
2017-05-24,104.4059,150.04,59.8986,75.0697,94.5315
2017-05-25,103.9794,151.96,60.8761,75.2234,95.3718
2017-05-26,105.0844,152.13,61.2632,75.0505,95.9353
2017-05-30,105.0166,152.38,61.2245,75.0697,96.2517
2017-05-31,104.6289,151.46,61.5633,75.502,95.9155
2017-06-01,104.8906,151.53,61.6987,76.6643,97.7642
2017-06-02,103.8922,153.61,62.4924,76.4818,97.8038
2017-06-05,103.2524,153.63,62.202,77.0965,98.0806
2017-06-06,102.2637,152.81,62.0956,75.819,98.1201
2017-06-07,102.6708,153.12,61.4568,76.0303,98.308
2017-06-08,101.1199,154.71,60.2373,75.819,97.6852
2017-06-09,102.38,149.6,60.1889,76.2897,96.8251
2017-06-12,103.7565,148.44,59.3179,76.1167,94.9961
2017-06-13,103.2912,150.68,58.9598,76.3857,96.5186
2017-06-14,102.8841,150.25,58.3307,76.7507,95.8463
2017-06-15,102.729,149.8,58.1565,75.7998,95.1444
2017-06-16,102.2734,150.64,58.2049,72.2744,94.8775
2017-06-19,102.1377,152.87,58.9404,72.5242,95.876
2017-06-20,100.7516,152.25,57.9339,72.5626,94.9763
2017-06-21,101.5852,153.91,58.0307,73.235,95.4608
2017-06-22,101.023,153.4,57.5952,72.5434,95.3619
2017-06-23,101.1587,155.07,57.8855,71.8902,95.3224
2017-06-26,102.3316,153.59,57.721,72.5242,95.5794
2017-06-27,102.1765,150.58,57.0629,73.0141,94.6995
2017-06-28,103.582,153.24,57.2758,73.4944,95.1345
2017-06-29,102.4673,151.04,56.4822,72.9372,93.3451
2017-06-30,102.9907,150.98,56.4338,72.6971,93.444
2017-07-03,104.1636,148.43,56.3757,72.3897,92.3664
2017-07-05,102.3897,150.34,56.0757,72.3513,93.2166
2017-07-06,100.9249,148.82,55.7466,72.4953,92.663
2017-07-07,100.8956,151.44,56.1725,72.3609,94.6402
2017-07-10,101.1593,153.5,55.9499,70.3436,92.317
2017-07-11,101.4034,155.27,56.037,70.5742,92.574
2017-07-12,101.9307,158.9,56.6564,71.0256,93.009
2017-07-13,101.8428,159.26,56.5015,72.0919,92.5839
2017-07-14,102.6241,159.97,56.8693,73.3311,92.5542
2017-07-17,102.3311,159.73,56.4531,73.3599,92.7424
2017-07-18,103.2686,162.86,56.337,73.1966,92.9206
2017-07-19,104.3135,164.14,56.2402,72.8796,93.0988
2017-07-20,104.8408,164.53,56.1628,73.0237,92.5444
2017-07-21,104.5771,164.43,56.1144,73.1485,92.0692
2017-07-24,104.4892,166.0,56.1531,73.8594,92.9899
2017-07-25,103.9228,165.28,56.6661,75.4251,93.5146
2017-07-26,104.4306,165.61,56.0757,75.7901,91.7425
2017-07-27,107.4188,170.44,57.5855,76.6355,91.3366
2017-07-28,107.3798,172.45,52.2625,76.6643,88.6537
2017-07-31,107.3505,169.25,52.2431,76.8372,87.8122
2017-08-01,108.0145,169.86,52.969,77.3271,86.9212
2017-08-02,106.1201,169.3,53.6465,77.3559,86.4955
2017-08-03,106.5595,168.59,53.8884,77.6825,86.6341
2017-08-04,105.163,169.62,53.6561,77.3079,85.5352
2017-08-07,103.8545,171.98,53.84,78.0763,86.1886
2017-08-08,104.4697,171.23,53.0039,78.3741,85.8421
2017-08-09,100.4171,171.18,52.2456,78.8865,85.4956
2017-08-10,98.9718,167.4,51.5943,77.9682,83.8424
2017-08-11,99.5968,168.08,51.7012,77.7168,84.08
2017-08-14,99.0206,170.75,51.7401,78.0068,84.2482
2017-08-15,99.1281,171.0,51.672,78.0745,84.565
2017-08-16,99.8019,170.0,52.0123,78.2775,85.1293
2017-08-17,99.0011,166.91,51.5651,77.0402,84.4561
2017-08-18,98.3371,167.41,51.2345,76.6632,84.2977
2017-08-21,98.796,167.78,51.672,77.0499,84.4264
2017-08-22,100.3585,169.64,52.9359,77.3495,85.0105
2017-08-23,99.1183,168.71,52.5762,77.2915,83.6939
2017-08-24,99.1378,167.74,52.4401,75.7256,84.7531
2017-08-25,100.0069,166.32,52.8484,76.0059,84.5749
2017-08-28,100.1534,167.24,52.8873,75.4259,83.8523
2017-08-29,100.1632,168.05,52.5956,76.1412,84.2285
2017-08-30,100.4561,169.92,53.0039,75.9189,85.0699
2017-08-31,98.8253,171.97,53.3345,75.4646,86.1688
2017-09-01,99.1183,172.02,53.4025,75.7546,86.6143
2017-09-05,99.216,170.72,53.597,77.1369,86.6539
2017-09-06,99.1183,172.09,52.7998,77.4075,88.0201
2017-09-07,94.7825,173.21,51.9831,77.4462,88.3765
2017-09-08,94.7922,170.95,52.0026,76.2476,90.5149
2017-09-11,94.8118,173.51,52.5178,76.4409,90.4258
2017-09-12,95.593,172.96,52.0512,76.9532,90.3961
2017-09-13,96.5012,173.05,52.7803,77.1949,90.0793
2017-09-14,95.6028,170.96,53.0137,77.0209,90.7624
2017-09-15,96.2082,171.64,53.1498,77.6975,94.9501
2017-09-18,95.7981,170.01,53.1692,77.3302,95.7816
2017-09-19,96.1203,172.52,53.1012,77.3785,93.6136
2017-09-20,96.882,172.17,53.6164,77.8135,93.7324
2017-09-21,96.5695,171.11,53.4803,77.3399,93.1879
2017-09-22,96.2863,170.54,53.5581,76.8759,94.2571
2017-09-25,97.2336,162.87,53.422,76.5086,94.3066
2017-09-26,96.3156,164.21,53.597,76.7405,94.2472
2017-09-27,96.9113,167.68,53.4609,76.6439,94.7719
2017-09-28,95.7493,168.73,52.9845,76.3152,95.3461
2017-09-29,96.257,170.87,52.2165,75.5323,95.2966
2017-10-02,97.5168,169.47,52.3137,75.8319,95.6034
2017-10-03,98.425,169.96,52.4887,76.5762,93.673
2017-10-04,98.1906,168.42,52.4303,76.4506,94.0393
2017-10-05,97.7609,171.24,53.0817,76.7599,93.8908
2017-10-06,97.7219,172.23,53.6359,76.3636,94.4947
2017-10-09,97.2336,172.5,53.49,77.8425,93.1285
2017-10-10,97.2434,171.59,53.8789,81.3224,93.5641
2017-10-11,96.2375,172.74,54.0928,82.869,93.0097
2017-10-12,94.6555,172.55,54.4136,83.2266,94.1086
2017-10-13,95.095,173.74,54.1706,83.7293,94.2175
2017-10-16,95.8274,174.52,53.3831,82.8786,94.7125
2017-10-17,96.052,176.11,52.9942,83.1106,92.2041
2017-10-18,95.9446,176.03,53.6747,83.3426,91.6191
2017-10-19,96.6867,174.56,53.8595,83.5166,91.4902
2017-10-20,97.0676,174.98,53.0525,84.5219,93.0369
2017-10-23,96.384,171.27,52.7609,85.6915,91.7183
2017-10-24,95.9836,171.8,52.7706,85.0439,91.6191
2017-10-25,95.4856,170.6,52.6539,85.5369,90.8359
2017-10-26,96.2473,170.63,53.3831,85.6625,100.0662
2017-10-27,96.0032,177.88,53.3539,85.2275,100.2942
2017-10-30,95.7395,179.87,53.6359,84.0482,100.4826
2017-10-31,95.5149,180.06,53.315,84.3962,100.5322
2017-11-01,96.7063,182.66,53.597,85.0052,100.0265
2017-11-02,96.0422,178.92,53.3442,85.8365,99.1442
2017-11-03,96.3254,178.92,54.4719,86.6871,100.086
2017-11-06,98.2785,180.17,54.9969,85.7398,99.739
2017-11-07,99.2257,180.25,55.6289,85.9815,100.1753
2017-11-08,98.8058,179.56,56.2997,87.2478,100.3736
2017-11-09,100.2706,179.3,55.765,87.2864,100.5619
2017-11-10,102.3213,178.46,55.4539,87.8858,100.78
2017-11-13,102.2823,178.77,55.065,87.9534,100.7602
2017-11-14,100.7491,178.07,55.3469,88.0501,99.9869
2017-11-15,101.2569,177.95,55.4154,86.8321,97.5281
2017-11-16,101.169,179.59,55.9431,96.2954,97.8553
2017-11-17,101.0128,179.0,55.6401,94.2172,98.1131
2017-11-20,100.339,178.74,55.5229,94.2268,98.3708
2017-11-21,100.5831,181.86,55.9627,93.2989,98.936
2017-11-22,100.3292,180.87,55.8454,93.1925,97.7363
2017-11-24,100.2315,182.78,55.5131,93.3955,96.6259
2017-11-27,100.378,183.03,54.6433,93.3955,96.378
2017-11-28,100.9835,182.42,55.3763,93.5405,95.5254
2017-11-29,102.7705,175.13,56.207,94.3042,99.0252
2017-11-30,102.3604,177.18,56.51,93.9852,99.0748
2017-12-01,102.7803,175.1,56.0213,94.1012,98.2618
2017-12-04,107.6337,171.47,57.4287,93.7725,98.5394
2017-12-05,104.7041,172.83,57.9955,94.5652,98.6385
2017-12-06,102.9854,176.06,57.9369,94.5263,98.3411
2017-12-07,102.7901,180.14,57.8001,94.5361,98.7575
2017-12-08,102.603,179.0,57.2821,94.3114,98.7773
2017-12-11,105.1624,179.04,57.7317,94.6826,98.232
2017-12-12,105.7531,176.96,57.9271,94.4579,98.1527
2017-12-13,105.9302,178.3,58.1421,95.4934,97.8949
2017-12-14,108.844,178.39,58.3474,94.878,97.3992
2017-12-15,109.5331,180.18,56.9693,94.8584,97.885
2017-12-18,109.2969,180.82,56.7152,95.6301,97.7661
2017-12-19,110.0647,179.51,56.6957,96.5092,98.7972
2017-12-20,107.9778,177.89,56.422,96.4604,99.4416
2017-12-21,107.8597,177.45,56.2754,95.7864,98.8963
2017-12-22,106.9737,177.2,56.0018,95.9329,98.6881
2017-12-26,106.4323,175.99,55.8454,96.8609,98.3411
2017-12-27,105.9598,177.62,55.9724,96.9586,98.5394
2017-12-28,106.0878,177.92,56.5002,97.0953,98.1726
2017-12-29,105.8318,176.46,56.1288,96.4604,97.8255
2018-01-02,110.0548,181.42,56.3243,96.3041,98.6484
2018-01-03,110.5274,184.67,57.3798,97.1442,98.7674
2018-01-04,110.4781,184.33,57.5948,97.2321,98.7377
2018-01-05,109.8777,186.85,58.2594,97.8084,99.977
2018-01-08,108.3026,188.28,57.9662,99.2541,100.5421
2018-01-09,108.2239,187.87,57.8392,98.0624,101.4344
2018-01-10,107.7612,187.84,58.4647,97.3591,99.3524
2018-01-11,109.2575,187.77,58.6406,97.701,98.242
2018-01-12,110.7144,179.37,59.0315,98.5312,96.9035
2018-01-16,108.9622,178.39,59.1879,98.3554,96.9927
2018-01-17,110.2222,177.6,59.2856,100.3188,98.7922
2018-01-18,108.6964,179.8,59.7059,101.8817,98.0266
2018-01-19,108.8637,181.29,59.872,102.165,100.035
2018-01-22,109.3658,185.37,60.0186,103.0051,99.7069
2018-01-23,108.6865,189.35,60.2923,103.4446,99.8064
2018-01-24,108.7751,186.55,59.4518,103.3372,99.7268
2018-01-25,108.8244,187.48,59.1781,104.1284,100.4427
2018-01-26,110.4388,190.0,56.6761,105.8769,100.9398
2018-01-29,109.7989,185.98,55.7281,107.01,101.8148
2018-01-30,108.3912,187.12,55.8943,105.2322,100.2041
2018-01-31,106.9737,186.89,55.5229,104.1284,99.6274
2018-02-01,108.7653,193.09,54.7312,103.0734,99.5677
2018-02-02,107.0032,190.28,54.5064,102.0575,98.2453
2018-02-05,103.0657,181.26,53.4509,97.7693,94.7256
2018-02-06,104.5127,185.31,54.3501,98.5606,93.7313
2018-02-07,103.1247,180.18,53.5148,100.4653,93.6716
2018-02-08,99.768,171.58,52.8368,97.701,89.9033
2018-02-09,101.4808,176.11,53.6327,97.066,90.7285
2018-02-12,101.7761,176.41,54.4189,97.2419,91.4345
2018-02-13,102.4947,173.15,54.7038,98.6387,92.4685
2018-02-14,102.9672,179.52,55.0183,99.342,94.4969
2018-02-15,103.5382,179.96,55.598,100.8365,87.8352
2018-02-16,104.8671,177.36,55.4998,102.3506,86.9502
2018-02-20,104.3257,176.01,54.9986,91.928,89.1277
2018-02-21,103.4102,177.91,55.1264,89.398,86.6022
2018-02-22,103.5972,178.99,54.4385,90.6191,86.2642
2018-02-23,105.5759,183.29,55.1657,90.7363,86.0852
2018-02-26,108.0959,184.93,56.1778,90.9609,85.7472
2018-02-27,103.233,181.46,55.5882,89.398,86.7713
2018-02-28,101.5497,178.32,56.109,87.923,86.7216
2018-03-01,100.9689,175.94,55.1951,87.0146,85.071
2018-03-02,101.3824,176.62,55.9419,86.7118,85.25
2018-03-05,101.7958,180.4,56.0009,87.8937,86.7017
2018-03-06,103.3019,179.78,56.0402,86.9951,89.1675
2018-03-07,101.973,183.71,56.0402,85.7057,88.4218
2018-03-08,102.4061,182.34,56.4726,86.3936,89.1476
2018-03-09,103.0952,185.23,57.4454,87.1797,91.514
2018-03-12,103.5283,184.76,58.3691,86.541,91.4842
2018-03-13,102.1108,181.88,58.0252,86.767,91.5438
2018-03-14,102.2782,184.19,57.809,86.1479,91.6433
2018-03-15,101.6285,183.86,58.3396,85.9907,90.7882
2018-03-16,101.2642,185.09,57.976,87.6219,90.4601
2018-03-19,99.8959,172.56,57.2882,85.9317,89.5254
2018-03-20,99.768,168.15,57.6419,86.423,90.3905
2018-03-21,100.2306,169.39,57.4552,86.649,89.4857
2018-03-22,99.0297,164.89,56.7674,85.6271,88.3721
2018-03-23,97.0018,159.39,55.3327,83.937,85.6378
2018-03-26,99.0789,160.06,56.7969,85.9809,86.9005
2018-03-27,97.809,152.22,56.4628,84.556,85.777
2018-03-28,97.0018,153.03,56.8951,86.2462,86.0057
2018-03-29,98.8722,159.79,56.8853,87.4253,87.7854
2018-04-02,97.12,155.39,55.2639,84.0647,84.6137
2018-04-03,97.8681,156.11,56.9934,85.293,83.5896
2018-04-04,99.3742,155.1,57.809,85.7057,85.4091
2018-04-05,100.5161,159.34,58.1136,86.2855,84.5341
2018-04-06,98.7836,157.2,57.3275,85.1849,82.8438
2018-04-09,98.1437,157.93,57.6812,84.782,84.1563
2018-04-10,99.7877,165.04,58.3789,84.9491,86.6619
2018-04-11,99.2266,166.32,58.3887,84.4185,86.8309
2018-04-12,98.823,163.87,58.3986,83.9468,87.6363
2018-04-13,98.7836,164.52,58.2119,84.5265,88.3522
2018-04-16,98.6753,164.83,58.3986,85.3323,88.9885
2018-04-17,100.5752,168.66,58.7916,86.3739,90.781
2018-04-18,99.6301,166.36,58.4673,86.0496,91.5777
2018-04-19,99.3151,168.1,58.1922,86.3641,91.3785
2018-04-20,98.6753,166.28,56.9934,85.4699,90.6416
2018-04-23,98.5867,165.84,57.1506,84.6052,91.6076
2018-04-24,97.9075,159.69,56.8067,85.0277,91.6175
2018-04-25,99.5711,159.69,56.7084,85.6566,87.6541
2018-04-26,98.2815,174.16,58.3494,86.4132,89.7752
2018-04-27,97.6811,173.59,57.3471,85.7745,88.5703
2018-04-30,98.7639,172.0,56.5708,86.9242,87.8433
2018-05-01,98.4981,173.86,57.1211,85.8924,87.3952
2018-05-02,98.065,176.07,55.7159,84.841,85.2641
2018-05-03,97.2184,174.02,55.1558,84.7329,85.752
2018-05-04,99.5711,176.61,56.6789,86.0103,87.6342
2018-05-07,100.8803,177.97,56.4529,83.9861,87.2458
2018-05-08,100.2011,178.92,56.6691,84.2514,87.2557
2018-05-09,98.4095,182.66,56.3431,81.6179,87.5346
2018-05-10,100.0928,185.53,56.9457,81.7663,88.7993
2018-05-11,100.4767,186.99,56.5703,82.4486,89.7055
2018-05-14,100.841,186.64,56.432,83.4473,89.6956
2018-05-15,101.3135,184.32,55.948,83.5759,88.8292
2018-05-16,103.4004,183.2,56.4518,85.1679,88.4806
2018-05-17,102.7113,183.76,56.5012,83.5462,88.0524
2018-05-18,102.3077,182.68,56.4617,82.7057,88.8491
2018-05-21,102.4357,184.49,56.6395,83.566,89.7653
2018-05-22,102.4455,183.8,56.2641,82.4387,89.7354
2018-05-23,101.2839,186.9,56.7876,82.0827,90.5022
2018-05-24,100.5161,185.93,56.9753,81.9245,90.8408
2018-05-25,100.6047,184.92,57.2124,81.5389,91.1495
2018-05-29,98.1339,185.74,56.5308,81.4795,91.8267
2018-05-30,98.4193,187.67,56.7778,83.1803,93.7287
2018-05-31,97.9173,191.78,55.9777,81.618,92.6134
2018-06-01,97.809,193.99,56.2147,82.0629,92.6134
2018-06-04,98.6753,193.28,56.3728,84.4658,94.9138
2018-06-05,98.38,192.94,54.9998,83.6747,94.6349
2018-06-06,100.3192,191.34,56.4716,83.6154,95.9295
2018-06-07,100.8705,188.18,56.4419,84.0011,94.9038
2018-06-08,102.3569,189.1,55.9085,83.4176,96.3478
2018-06-11,102.7211,191.54,55.79,83.3583,96.8656
2018-06-12,102.7014,192.4,55.79,83.1605,97.9611
2018-06-13,104.6505,192.41,55.5233,83.1507,98.3196
2018-06-14,107.0525,196.81,56.3234,82.854,99.6042
2018-06-15,107.1509,195.85,56.4123,82.765,100.61
2018-06-18,105.3888,198.31,56.5209,82.0728,101.078
2018-06-19,104.4438,197.49,56.7284,82.676,101.2772
2018-06-20,105.4774,202.0,51.582,82.676,101.4565
2018-06-21,104.2371,201.5,50.0016,83.2693,100.5005
2018-06-22,104.6801,201.74,50.614,83.8725,100.5702
2018-06-25,102.8196,196.35,50.0411,85.5041,98.2299
2018-06-26,102.6325,199.0,49.7645,85.0195,98.9071
2018-06-27,102.3372,195.84,49.2311,85.9194,97.6424
2018-06-28,103.1346,196.23,47.947,84.9009,98.2698
2018-06-29,103.174,194.32,48.2532,84.6932,98.8772
2018-07-02,103.6858,197.36,48.4606,83.0617,98.2797
2018-07-03,102.416,192.73,48.1742,83.4968,98.5088
2018-07-05,103.6957,198.45,48.0161,83.6253,98.9967
2018-07-06,103.9735,203.23,48.3816,83.566,100.1419
2018-07-09,105.204,204.74,49.2904,84.9701,100.61
2018-07-10,105.2139,203.54,49.804,86.2358,100.381
2018-07-11,107.2084,202.54,49.5274,85.5634,99.5843
2018-07-12,107.4168,206.92,49.6361,85.5535,100.1619
2018-07-13,109.1533,207.32,50.9894,86.7203,99.6142
2018-07-16,109.3518,207.23,50.3177,86.661,98.0407
2018-07-17,109.451,209.99,50.6535,87.2049,98.5992
2018-07-18,109.838,209.36,50.5251,87.0862,97.7415
2018-07-19,111.2669,208.09,50.7128,86.7401,99.1975
2018-07-20,110.6219,209.94,50.288,87.0763,99.3372
2018-07-23,110.2349,210.91,50.5646,86.6511,99.8059
2018-07-24,109.8479,214.67,50.5449,86.9774,98.7189
2018-07-25,110.3242,217.5,50.9894,86.9181,99.397
2018-07-26,112.6363,176.26,50.8214,87.2444,110.5464
2018-07-27,111.7532,174.89,51.5129,87.1455,109.3397
2018-07-30,111.7631,171.06,51.2659,87.8872,108.7114
2018-07-31,112.6859,172.58,51.7499,88.2332,109.3497
2018-08-01,112.1005,171.65,51.2956,87.2543,110.8057
2018-08-02,111.8822,176.37,51.0486,87.7685,113.578
2018-08-03,113.2118,177.78,51.5919,88.5991,114.4357
2018-08-06,115.0476,185.69,51.4339,88.6683,115.7122
2018-08-07,115.6628,183.81,51.4339,88.7672,115.8119
2018-08-08,113.1027,185.18,51.2747,89.0441,115.2734
2018-08-09,113.2813,183.09,51.6427,88.5269,115.0041
2018-08-10,111.8127,180.26,51.2349,89.6906,114.5055
2018-08-13,111.257,180.05,51.5333,89.1535,114.8146
2018-08-14,111.8822,181.11,52.3092,90.357,116.9288
2018-08-15,111.9814,179.53,52.4683,89.7304,114.5753
2018-08-16,111.6142,174.7,52.7568,98.1047,114.4257
2018-08-17,111.6142,173.8,53.274,97.319,115.7022
2018-08-20,111.128,172.5,53.6321,95.479,115.0839
2018-08-21,111.5249,172.62,53.7116,95.5586,115.6424
2018-08-22,111.0784,173.64,52.5379,95.1508,115.6424
2018-08-23,111.1379,172.9,52.3788,94.6635,115.782
2018-08-24,111.0685,174.645,52.4683,94.4347,116.5
2018-08-27,111.4654,177.46,52.6871,94.0269,117.0685
2018-08-28,111.7135,176.26,52.7667,95.5486,116.8391
2018-08-29,111.5845,175.9,52.9656,95.121,117.0286
2018-08-30,111.0586,177.64,52.8164,95.5785,116.7693
2018-08-31,111.1578,175.73,53.1646,95.3398,116.7294
2018-09-04,109.9968,171.16,53.2441,94.8425,115.8618
2018-09-05,109.0243,167.18,53.5028,96.0956,116.0612
2018-09-06,109.4113,162.53,53.9205,95.9266,116.2607
2018-09-07,110.1159,163.04,54.567,95.3099,115.9515
2018-09-10,109.8281,164.18,54.6765,96.3741,116.7094
2018-09-11,108.7564,165.94,54.8257,96.1155,116.1909
2018-09-12,108.6175,162.0,54.6765,95.4492,117.3975
2018-09-13,109.8182,161.36,54.5969,94.6038,118.5344
2018-09-14,108.419,162.32,54.4576,94.0767,120.2497
2018-09-17,108.5183,160.58,54.2786,94.3054,118.6641
2018-09-18,108.6869,160.3,54.7759,94.9121,119.402
2018-09-19,108.9449,163.06,55.134,94.7231,119.9805
2018-09-20,110.7609,166.02,56.1287,95.2304,119.771
2018-09-21,109.5503,162.93,57.1432,95.3796,121.257
2018-09-24,111.902,165.41,56.3873,94.4049,122.4337
2018-09-25,112.7554,164.91,56.5962,94.5839,122.2542
2018-09-26,114.3232,166.95,56.9642,94.0767,122.0149
2018-09-27,115.1468,168.84,57.0338,93.6192,122.3739
2018-09-28,116.0399,164.46,56.5365,93.4004,123.1318
2018-10-01,115.3453,162.44,55.2832,93.8877,122.6631
2018-10-02,116.7544,159.33,55.2931,94.6336,121.4165
2018-10-03,116.0101,162.43,55.1738,93.5595,123.6404
2018-10-04,115.2361,158.85,55.5915,93.6987,119.2624
2018-10-05,113.8965,157.33,55.4622,92.8036,120.0602
2018-10-08,115.127,157.25,56.2381,94.1761,119.2724
2018-10-09,115.9903,157.9,57.4018,96.5531,118.4546
2018-10-10,111.9913,151.38,55.7109,95.2403,114.8146
2018-10-11,110.2945,153.35,54.567,93.4103,113.7875
2018-10-12,111.7432,153.74,56.1486,94.2955,115.6224
2018-10-15,112.5669,153.52,56.447,93.3108,115.2335
2018-10-16,115.2957,158.78,57.5013,95.29,118.9932
2018-10-17,116.2284,159.42,58.7844,96.036,118.6042
2018-10-18,115.2858,154.92,58.3269,95.6481,116.2108
2018-10-19,117.9848,154.05,58.3468,96.6228,113.4584
2018-10-22,117.3597,154.78,58.5855,96.6128,113.6678
2018-10-23,116.9429,154.39,58.496,97.2692,113.7477
2018-10-24,110.7509,146.04,57.75,97.0305,111.7206
2018-10-25,113.2813,150.95,58.6452,98.6418,104.2013
2018-10-26,112.3188,145.37,57.7599,98.4031,100.9859
2018-10-29,112.1699,142.09,58.0583,99.2584,101.1756
2018-10-30,113.8767,146.22,58.2771,101.8642,104.5408
2018-10-31,113.9462,151.79,57.9588,99.7358,105.7691
2018-11-01,115.2064,151.75,58.3169,100.0342,104.7805
2018-11-02,114.2935,150.35,63.9765,100.79,106.0087
2018-11-05,114.5614,148.68,64.1357,102.3515,107.4966
2018-11-06,115.8117,149.94,65.6575,102.7692,108.1557
2018-11-07,116.1491,151.53,67.796,103.7539,111.0016
2018-11-08,115.1071,147.87,68.353,104.3108,111.6007
2018-11-09,117.0918,144.96,68.2337,104.9871,110.8219
2018-11-12,115.8018,141.55,67.5474,103.3063,106.7477
2018-11-13,115.9506,142.16,67.05,102.3813,106.7577
2018-11-14,116.2185,144.22,67.04,100.979,106.3083
2018-11-15,116.2086,143.85,67.62,98.9998,108.4452
2018-11-16,115.2957,139.53,68.16,97.1598,109.9831
2018-11-19,114.5316,131.55,67.91,96.2548,105.2398
2018-11-20,111.0089,132.43,67.18,93.649,105.0201
2018-11-21,112.16,134.82,66.77,93.6589,105.08
2018-11-23,111.2173,131.73,65.7,94.5839,105.5594
2018-11-26,111.6837,136.38,65.69,94.6336,106.0387
2018-11-27,113.0233,135.0,66.08,94.5242,104.8803
2018-11-28,115.2064,136.76,66.82,96.9311,107.916
2018-11-29,115.7125,138.68,66.88,96.762,108.615
2018-11-30,114.6011,140.61,66.72,97.1201,109.4039
2018-12-03,114.8491,141.09,67.5,98.2141,110.692
2018-12-04,112.0012,137.93,66.65,95.29,109.0943
2018-12-06,113.45,139.63,66.55,94.77,108.3454
2018-12-07,111.98,137.42,65.47,93.19,105.8689
2018-12-10,111.86,141.85,65.49,93.94,107.4666
2018-12-11,111.97,142.08,65.92,93.85,106.508
2018-12-12,112.21,144.5,66.13,93.11,107.5965
2018-12-13,113.39,145.01,66.91,92.96,106.9674
2018-12-14,112.2,144.06,65.34,91.85,104.4809
2018-12-17,110.62,140.19,64.47,90.77,101.8846
2018-12-18,109.45,143.66,64.92,91.08,100.4766
2018-12-19,109.22,133.24,64.06,90.55,99.2084
2018-12-20,107.0,133.4,62.15,87.28,97.5108
2018-12-21,104.22,124.95,61.39,87.13,94.9745
2018-12-24,100.35,124.06,60.56,85.82,92.8675
2018-12-26,105.83,134.18,63.08,90.41,96.3725
2018-12-27,106.52,134.52,63.2,91.59,96.1728
2018-12-28,107.3,133.2,63.39,92.13,96.0929
2018-12-31,109.65,131.09,64.4,93.15,97.8903
2019-01-02,108.97,135.68,64.32,93.34,96.2726
2019-01-03,106.33,131.74,61.53,92.86,94.3953
2019-01-04,109.61,137.95,63.57,93.44,98.1
2019-01-07,110.56,138.05,63.57,94.54,98.4096
2019-01-08,111.42,142.53,63.62,95.2,101.5451
2019-01-09,112.67,144.23,63.88,94.89,103.6421
2019-01-10,112.8,144.2,64.19,94.96,103.712
2019-01-11,112.65,143.8,63.73,94.84,103.682
2019-01-14,112.42,145.39,63.37,94.95,102.5137
2019-01-15,111.76,148.95,64.08,96.25,103.6621
2019-01-16,110.91,147.54,63.77,96.35,104.3611
2019-01-17,111.01,148.3,64.28,96.74,104.1114
2019-01-18,111.04,150.04,64.7,97.73,105.1
2019-01-22,110.6,147.57,65.39,97.49,104.45
2019-01-23,111.12,144.3,66.43,98.71,104.7
2019-01-24,110.55,145.83,64.74,98.36,105.46
2019-01-25,111.09,149.01,67.09,96.94,106.73
